Region,sum(Total Cost),sum(Total Revenue),sum(Total Profit)
Middle East and North Africa,11940031155.690006,16918345836.520002,4978314680.829999
Australia and Oceania,7526098662.3499975,10701522223.730005,3175423561.3800006
Europe,24159378166.660007,34239770499.31005,10080392332.650002
Sub-Saharan Africa,24650317585.11998,34954871970.82999,10304554385.709991
Central America and the Caribbean,10266519642.819998,14553730165.290003,4287210522.47
North America,2064450716.6499999,2937002333.4900002,872551616.8399999
Asia,13585889703.06,19293401219.82,5707511516.759997
,,,
